Buying,Maint,Doors,Persons,Lug_boot,Safety,class
0,0,0,0,0,0,negative
0,0,0,0,0,1,negative
0,0,0,0,0,2,negative
0,0,0,0,1,0,negative
0,0,0,0,1,1,negative
0,0,0,0,1,2,negative
0,0,0,0,2,0,negative
0,0,0,0,2,1,negative
0,0,0,0,2,2,negative
0,0,0,1,0,0,negative
0,0,0,1,0,1,negative
0,0,0,1,0,2,negative
0,0,0,1,1,0,negative
0,0,0,1,1,1,negative
0,0,0,1,1,2,negative
0,0,0,1,2,0,negative
0,0,0,1,2,1,negative
0,0,0,1,2,2,negative
0,0,0,2,0,0,negative
0,0,0,2,0,1,negative
0,0,0,2,0,2,negative
0,0,0,2,1,0,negative
0,0,0,2,1,1,negative
0,0,0,2,1,2,negative
0,0,0,2,2,0,negative
0,0,0,2,2,1,negative
0,0,0,2,2,2,negative
0,0,1,0,0,0,negative
0,0,1,0,0,1,negative
0,0,1,0,0,2,negative
0,0,1,0,1,0,negative
0,0,1,0,1,1,negative
0,0,1,0,1,2,negative
0,0,1,0,2,0,negative
0,0,1,0,2,1,negative
0,0,1,0,2,2,negative
0,0,1,1,0,0,negative
0,0,1,1,0,1,negative
0,0,1,1,0,2,negative
0,0,1,1,1,0,negative
0,0,1,1,1,1,negative
0,0,1,1,1,2,negative
0,0,1,1,2,0,negative
0,0,1,1,2,1,negative
0,0,1,1,2,2,negative
0,0,1,2,0,0,negative
0,0,1,2,0,1,negative
0,0,1,2,0,2,negative
0,0,1,2,1,0,negative
0,0,1,2,1,1,negative
0,0,1,2,1,2,negative
0,0,1,2,2,0,negative
0,0,1,2,2,1,negative
0,0,1,2,2,2,negative
0,0,2,0,0,0,negative
0,0,2,0,0,1,negative
0,0,2,0,0,2,negative
0,0,2,0,1,0,negative
0,0,2,0,1,1,negative
0,0,2,0,1,2,negative
0,0,2,0,2,0,negative
0,0,2,0,2,1,negative
0,0,2,0,2,2,negative
0,0,2,1,0,0,negative
0,0,2,1,0,1,negative
0,0,2,1,0,2,negative
0,0,2,1,1,0,negative
0,0,2,1,1,1,negative
0,0,2,1,1,2,negative
0,0,2,1,2,0,negative
0,0,2,1,2,1,negative
0,0,2,1,2,2,negative
0,0,2,2,0,0,negative
0,0,2,2,0,1,negative
0,0,2,2,0,2,negative
0,0,2,2,1,0,negative
0,0,2,2,1,1,negative
0,0,2,2,1,2,negative
0,0,2,2,2,0,negative
0,0,2,2,2,1,negative
0,0,2,2,2,2,negative
0,0,3,0,0,0,negative
0,0,3,0,0,1,negative
0,0,3,0,0,2,negative
0,0,3,0,1,0,negative
0,0,3,0,1,1,negative
0,0,3,0,1,2,negative
0,0,3,0,2,0,negative
0,0,3,0,2,1,negative
0,0,3,0,2,2,negative
0,0,3,1,0,0,negative
0,0,3,1,0,1,negative
0,0,3,1,0,2,negative
0,0,3,1,1,0,negative
0,0,3,1,1,1,negative
0,0,3,1,1,2,negative
0,0,3,1,2,0,negative
0,0,3,1,2,1,negative
0,0,3,1,2,2,negative
0,0,3,2,0,0,negative
0,0,3,2,0,1,negative
0,0,3,2,0,2,negative
0,0,3,2,1,0,negative
0,0,3,2,1,1,negative
0,0,3,2,1,2,negative
0,0,3,2,2,0,negative
0,0,3,2,2,1,negative
0,0,3,2,2,2,negative
0,1,0,0,0,0,negative
0,1,0,0,0,1,negative
0,1,0,0,0,2,negative
0,1,0,0,1,0,negative
0,1,0,0,1,1,negative
0,1,0,0,1,2,negative
0,1,0,0,2,0,negative
0,1,0,0,2,1,negative
0,1,0,0,2,2,negative
0,1,0,1,0,0,negative
0,1,0,1,0,1,negative
0,1,0,1,0,2,negative
0,1,0,1,1,0,negative
0,1,0,1,1,1,negative
0,1,0,1,1,2,negative
0,1,0,1,2,0,negative
0,1,0,1,2,1,negative
0,1,0,1,2,2,negative
0,1,0,2,0,0,negative
0,1,0,2,0,1,negative
0,1,0,2,0,2,negative
0,1,0,2,1,0,negative
0,1,0,2,1,1,negative
0,1,0,2,1,2,negative
0,1,0,2,2,0,negative
0,1,0,2,2,1,negative
0,1,0,2,2,2,negative
0,1,1,0,0,0,negative
0,1,1,0,0,1,negative
0,1,1,0,0,2,negative
0,1,1,0,1,0,negative
0,1,1,0,1,1,negative
0,1,1,0,1,2,negative
0,1,1,0,2,0,negative
0,1,1,0,2,1,negative
0,1,1,0,2,2,negative
0,1,1,1,0,0,negative
0,1,1,1,0,1,negative
0,1,1,1,0,2,negative
0,1,1,1,1,0,negative
0,1,1,1,1,1,negative
0,1,1,1,1,2,negative
0,1,1,1,2,0,negative
0,1,1,1,2,1,negative
0,1,1,1,2,2,negative
0,1,1,2,0,0,negative
0,1,1,2,0,1,negative
0,1,1,2,0,2,negative
0,1,1,2,1,0,negative
0,1,1,2,1,1,negative
0,1,1,2,1,2,negative
0,1,1,2,2,0,negative
0,1,1,2,2,1,negative
0,1,1,2,2,2,negative
0,1,2,0,0,0,negative
0,1,2,0,0,1,negative
0,1,2,0,0,2,negative
0,1,2,0,1,0,negative
0,1,2,0,1,1,negative
0,1,2,0,1,2,negative
0,1,2,0,2,0,negative
0,1,2,0,2,1,negative
0,1,2,0,2,2,negative
0,1,2,1,0,0,negative
0,1,2,1,0,1,negative
0,1,2,1,0,2,negative
0,1,2,1,1,0,negative
0,1,2,1,1,1,negative
0,1,2,1,1,2,negative
0,1,2,1,2,0,negative
0,1,2,1,2,1,negative
0,1,2,1,2,2,negative
0,1,2,2,0,0,negative
0,1,2,2,0,1,negative
0,1,2,2,0,2,negative
0,1,2,2,1,0,negative
0,1,2,2,1,1,negative
0,1,2,2,1,2,negative
0,1,2,2,2,0,negative
0,1,2,2,2,1,negative
0,1,2,2,2,2,negative
0,1,3,0,0,0,negative
0,1,3,0,0,1,negative
0,1,3,0,0,2,negative
0,1,3,0,1,0,negative
0,1,3,0,1,1,negative
0,1,3,0,1,2,negative
0,1,3,0,2,0,negative
0,1,3,0,2,1,negative
0,1,3,0,2,2,negative
0,1,3,1,0,0,negative
0,1,3,1,0,1,negative
0,1,3,1,0,2,negative
0,1,3,1,1,0,negative
0,1,3,1,1,1,negative
0,1,3,1,1,2,negative
0,1,3,1,2,0,negative
0,1,3,1,2,1,negative
0,1,3,1,2,2,negative
0,1,3,2,0,0,negative
0,1,3,2,0,1,negative
0,1,3,2,0,2,negative
0,1,3,2,1,0,negative
0,1,3,2,1,1,negative
0,1,3,2,1,2,negative
0,1,3,2,2,0,negative
0,1,3,2,2,1,negative
0,1,3,2,2,2,negative
0,2,0,0,0,0,negative
0,2,0,0,0,1,negative
0,2,0,0,0,2,negative
0,2,0,0,1,0,negative
0,2,0,0,1,1,negative
0,2,0,0,1,2,negative
0,2,0,0,2,0,negative
0,2,0,0,2,1,negative
0,2,0,0,2,2,negative
0,2,0,1,0,0,negative
0,2,0,1,0,1,negative
0,2,0,1,0,2,negative
0,2,0,1,1,0,negative
0,2,0,1,1,1,negative
0,2,0,1,1,2,negative
0,2,0,1,2,0,negative
0,2,0,1,2,1,negative
0,2,0,1,2,2,negative
0,2,0,2,0,0,negative
0,2,0,2,0,1,negative
0,2,0,2,0,2,negative
0,2,0,2,1,0,negative
0,2,0,2,1,1,negative
0,2,0,2,1,2,negative
0,2,0,2,2,0,negative
0,2,0,2,2,1,negative
0,2,0,2,2,2,negative
0,2,1,0,0,0,negative
0,2,1,0,0,1,negative
0,2,1,0,0,2,negative
0,2,1,0,1,0,negative
0,2,1,0,1,1,negative
0,2,1,0,1,2,negative
0,2,1,0,2,0,negative
0,2,1,0,2,1,negative
0,2,1,0,2,2,negative
0,2,1,1,0,0,negative
0,2,1,1,0,1,negative
0,2,1,1,0,2,negative
0,2,1,1,1,0,negative
0,2,1,1,1,1,negative
0,2,1,1,1,2,negative
0,2,1,1,2,0,negative
0,2,1,1,2,1,negative
0,2,1,1,2,2,negative
0,2,1,2,0,0,negative
0,2,1,2,0,1,negative
0,2,1,2,0,2,negative
0,2,1,2,1,0,negative
0,2,1,2,1,1,negative
0,2,1,2,1,2,negative
0,2,1,2,2,0,negative
0,2,1,2,2,1,negative
0,2,1,2,2,2,negative
0,2,2,0,0,0,negative
0,2,2,0,0,1,negative
0,2,2,0,0,2,negative
0,2,2,0,1,0,negative
0,2,2,0,1,1,negative
0,2,2,0,1,2,negative
0,2,2,0,2,0,negative
0,2,2,0,2,1,negative
0,2,2,0,2,2,negative
0,2,2,1,0,0,negative
0,2,2,1,0,1,negative
0,2,2,1,0,2,negative
0,2,2,1,1,0,negative
0,2,2,1,1,1,negative
0,2,2,1,1,2,negative
0,2,2,1,2,0,negative
0,2,2,1,2,1,negative
0,2,2,1,2,2,negative
0,2,2,2,0,0,negative
0,2,2,2,0,1,negative
0,2,2,2,0,2,negative
0,2,2,2,1,0,negative
0,2,2,2,1,1,negative
0,2,2,2,1,2,negative
0,2,2,2,2,0,negative
0,2,2,2,2,1,negative
0,2,2,2,2,2,negative
0,2,3,0,0,0,negative
0,2,3,0,0,1,negative
0,2,3,0,0,2,negative
0,2,3,0,1,0,negative
0,2,3,0,1,1,negative
0,2,3,0,1,2,negative
0,2,3,0,2,0,negative
0,2,3,0,2,1,negative
0,2,3,0,2,2,negative
0,2,3,1,0,0,negative
0,2,3,1,0,1,negative
0,2,3,1,0,2,negative
0,2,3,1,1,0,negative
0,2,3,1,1,1,negative
0,2,3,1,1,2,negative
0,2,3,1,2,0,negative
0,2,3,1,2,1,negative
0,2,3,1,2,2,negative
0,2,3,2,0,0,negative
0,2,3,2,0,1,negative
0,2,3,2,0,2,negative
0,2,3,2,1,0,negative
0,2,3,2,1,1,negative
0,2,3,2,1,2,negative
0,2,3,2,2,0,negative
0,2,3,2,2,1,negative
0,2,3,2,2,2,negative
0,3,0,0,0,0,negative
0,3,0,0,0,1,negative
0,3,0,0,0,2,negative
0,3,0,0,1,0,negative
0,3,0,0,1,1,negative
0,3,0,0,1,2,negative
0,3,0,0,2,0,negative
0,3,0,0,2,1,negative
0,3,0,0,2,2,negative
0,3,0,1,0,0,negative
0,3,0,1,0,1,negative
0,3,0,1,0,2,negative
0,3,0,1,1,0,negative
0,3,0,1,1,1,negative
0,3,0,1,1,2,negative
0,3,0,1,2,0,negative
0,3,0,1,2,1,negative
0,3,0,1,2,2,negative
0,3,0,2,0,0,negative
0,3,0,2,0,1,negative
0,3,0,2,0,2,negative
0,3,0,2,1,0,negative
0,3,0,2,1,1,negative
0,3,0,2,1,2,negative
0,3,0,2,2,0,negative
0,3,0,2,2,1,negative
0,3,0,2,2,2,negative
0,3,1,0,0,0,negative
0,3,1,0,0,1,negative
0,3,1,0,0,2,negative
0,3,1,0,1,0,negative
0,3,1,0,1,1,negative
0,3,1,0,1,2,negative
0,3,1,0,2,0,negative
0,3,1,0,2,1,negative
0,3,1,0,2,2,negative
0,3,1,1,0,0,negative
0,3,1,1,0,1,negative
0,3,1,1,0,2,negative
0,3,1,1,1,0,negative
0,3,1,1,1,1,negative
0,3,1,1,1,2,negative
0,3,1,1,2,0,negative
0,3,1,1,2,1,negative
0,3,1,1,2,2,negative
0,3,1,2,0,0,negative
0,3,1,2,0,1,negative
0,3,1,2,0,2,negative
0,3,1,2,1,0,negative
0,3,1,2,1,1,negative
0,3,1,2,1,2,negative
0,3,1,2,2,0,negative
0,3,1,2,2,1,negative
0,3,1,2,2,2,negative
0,3,2,0,0,0,negative
0,3,2,0,0,1,negative
0,3,2,0,0,2,negative
0,3,2,0,1,0,negative
0,3,2,0,1,1,negative
0,3,2,0,1,2,negative
0,3,2,0,2,0,negative
0,3,2,0,2,1,negative
0,3,2,0,2,2,negative
0,3,2,1,0,0,negative
0,3,2,1,0,1,negative
0,3,2,1,0,2,negative
0,3,2,1,1,0,negative
0,3,2,1,1,1,negative
0,3,2,1,1,2,negative
0,3,2,1,2,0,negative
0,3,2,1,2,1,negative
0,3,2,1,2,2,negative
0,3,2,2,0,0,negative
0,3,2,2,0,1,negative
0,3,2,2,0,2,negative
0,3,2,2,1,0,negative
0,3,2,2,1,1,negative
0,3,2,2,1,2,negative
0,3,2,2,2,0,negative
0,3,2,2,2,1,negative
0,3,2,2,2,2,negative
0,3,3,0,0,0,negative
0,3,3,0,0,1,negative
0,3,3,0,0,2,negative
0,3,3,0,1,0,negative
0,3,3,0,1,1,negative
0,3,3,0,1,2,negative
0,3,3,0,2,0,negative
0,3,3,0,2,1,negative
0,3,3,0,2,2,negative
0,3,3,1,0,0,negative
0,3,3,1,0,1,negative
0,3,3,1,0,2,negative
0,3,3,1,1,0,negative
0,3,3,1,1,1,negative
0,3,3,1,1,2,negative
0,3,3,1,2,0,negative
0,3,3,1,2,1,negative
0,3,3,1,2,2,negative
0,3,3,2,0,0,negative
0,3,3,2,0,1,negative
0,3,3,2,0,2,negative
0,3,3,2,1,0,negative
0,3,3,2,1,1,negative
0,3,3,2,1,2,negative
0,3,3,2,2,0,negative
0,3,3,2,2,1,negative
0,3,3,2,2,2,negative
1,0,0,0,0,0,negative
1,0,0,0,0,1,negative
1,0,0,0,0,2,negative
1,0,0,0,1,0,negative
1,0,0,0,1,1,negative
1,0,0,0,1,2,negative
1,0,0,0,2,0,negative
1,0,0,0,2,1,negative
1,0,0,0,2,2,negative
1,0,0,1,0,0,negative
1,0,0,1,0,1,negative
1,0,0,1,0,2,negative
1,0,0,1,1,0,negative
1,0,0,1,1,1,negative
1,0,0,1,1,2,negative
1,0,0,1,2,0,negative
1,0,0,1,2,1,negative
1,0,0,1,2,2,negative
1,0,0,2,0,0,negative
1,0,0,2,0,1,negative
1,0,0,2,0,2,negative
1,0,0,2,1,0,negative
1,0,0,2,1,1,negative
1,0,0,2,1,2,negative
1,0,0,2,2,0,negative
1,0,0,2,2,1,negative
1,0,0,2,2,2,negative
1,0,1,0,0,0,negative
1,0,1,0,0,1,negative
1,0,1,0,0,2,negative
1,0,1,0,1,0,negative
1,0,1,0,1,1,negative
1,0,1,0,1,2,negative
1,0,1,0,2,0,negative
1,0,1,0,2,1,negative
1,0,1,0,2,2,negative
1,0,1,1,0,0,negative
1,0,1,1,0,1,negative
1,0,1,1,0,2,negative
1,0,1,1,1,0,negative
1,0,1,1,1,1,negative
1,0,1,1,1,2,negative
1,0,1,1,2,0,negative
1,0,1,1,2,1,negative
1,0,1,1,2,2,negative
1,0,1,2,0,0,negative
1,0,1,2,0,1,negative
1,0,1,2,0,2,negative
1,0,1,2,1,0,negative
1,0,1,2,1,1,negative
1,0,1,2,1,2,negative
1,0,1,2,2,0,negative
1,0,1,2,2,1,negative
1,0,1,2,2,2,negative
1,0,2,0,0,0,negative
1,0,2,0,0,1,negative
1,0,2,0,0,2,negative
1,0,2,0,1,0,negative
1,0,2,0,1,1,negative
1,0,2,0,1,2,negative
1,0,2,0,2,0,negative
1,0,2,0,2,1,negative
1,0,2,0,2,2,negative
1,0,2,1,0,0,negative
1,0,2,1,0,1,negative
1,0,2,1,0,2,negative
1,0,2,1,1,0,negative
1,0,2,1,1,1,negative
1,0,2,1,1,2,negative
1,0,2,1,2,0,negative
1,0,2,1,2,1,negative
1,0,2,1,2,2,negative
1,0,2,2,0,0,negative
1,0,2,2,0,1,negative
1,0,2,2,0,2,negative
1,0,2,2,1,0,negative
1,0,2,2,1,1,negative
1,0,2,2,1,2,negative
1,0,2,2,2,0,negative
1,0,2,2,2,1,negative
1,0,2,2,2,2,negative
1,0,3,0,0,0,negative
1,0,3,0,0,1,negative
1,0,3,0,0,2,negative
1,0,3,0,1,0,negative
1,0,3,0,1,1,negative
1,0,3,0,1,2,negative
1,0,3,0,2,0,negative
1,0,3,0,2,1,negative
1,0,3,0,2,2,negative
1,0,3,1,0,0,negative
1,0,3,1,0,1,negative
1,0,3,1,0,2,negative
1,0,3,1,1,0,negative
1,0,3,1,1,1,negative
1,0,3,1,1,2,negative
1,0,3,1,2,0,negative
1,0,3,1,2,1,negative
1,0,3,1,2,2,negative
1,0,3,2,0,0,negative
1,0,3,2,0,1,negative
1,0,3,2,0,2,negative
1,0,3,2,1,0,negative
1,0,3,2,1,1,negative
1,0,3,2,1,2,negative
1,0,3,2,2,0,negative
1,0,3,2,2,1,negative
1,0,3,2,2,2,negative
1,1,0,0,0,0,negative
1,1,0,0,0,1,negative
1,1,0,0,0,2,negative
1,1,0,0,1,0,negative
1,1,0,0,1,1,negative
1,1,0,0,1,2,negative
1,1,0,0,2,0,negative
1,1,0,0,2,1,negative
1,1,0,0,2,2,negative
1,1,0,1,0,0,negative
1,1,0,1,0,1,negative
1,1,0,1,0,2,negative
1,1,0,1,1,0,negative
1,1,0,1,1,1,negative
1,1,0,1,1,2,negative
1,1,0,1,2,0,negative
1,1,0,1,2,1,negative
1,1,0,1,2,2,negative
1,1,0,2,0,0,negative
1,1,0,2,0,1,negative
1,1,0,2,0,2,negative
1,1,0,2,1,0,negative
1,1,0,2,1,1,negative
1,1,0,2,1,2,negative
1,1,0,2,2,0,negative
1,1,0,2,2,1,negative
1,1,0,2,2,2,negative
1,1,1,0,0,0,negative
1,1,1,0,0,1,negative
1,1,1,0,0,2,negative
1,1,1,0,1,0,negative
1,1,1,0,1,1,negative
1,1,1,0,1,2,negative
1,1,1,0,2,0,negative
1,1,1,0,2,1,negative
1,1,1,0,2,2,negative
1,1,1,1,0,0,negative
1,1,1,1,0,1,negative
1,1,1,1,0,2,negative
1,1,1,1,1,0,negative
1,1,1,1,1,1,negative
1,1,1,1,1,2,negative
1,1,1,1,2,0,negative
1,1,1,1,2,1,negative
1,1,1,1,2,2,negative
1,1,1,2,0,0,negative
1,1,1,2,0,1,negative
1,1,1,2,0,2,negative
1,1,1,2,1,0,negative
1,1,1,2,1,1,negative
1,1,1,2,1,2,negative
1,1,1,2,2,0,negative
1,1,1,2,2,1,negative
1,1,1,2,2,2,negative
1,1,2,0,0,0,negative
1,1,2,0,0,1,negative
1,1,2,0,0,2,negative
1,1,2,0,1,0,negative
1,1,2,0,1,1,negative
1,1,2,0,1,2,negative
1,1,2,0,2,0,negative
1,1,2,0,2,1,negative
1,1,2,0,2,2,negative
1,1,2,1,0,0,negative
1,1,2,1,0,1,negative
1,1,2,1,0,2,negative
1,1,2,1,1,0,negative
1,1,2,1,1,1,negative
1,1,2,1,1,2,negative
1,1,2,1,2,0,negative
1,1,2,1,2,1,negative
1,1,2,1,2,2,negative
1,1,2,2,0,0,negative
1,1,2,2,0,1,negative
1,1,2,2,0,2,negative
1,1,2,2,1,0,negative
1,1,2,2,1,1,negative
1,1,2,2,1,2,negative
1,1,2,2,2,0,negative
1,1,2,2,2,1,negative
1,1,2,2,2,2,negative
1,1,3,0,0,0,negative
1,1,3,0,0,1,negative
1,1,3,0,0,2,negative
1,1,3,0,1,0,negative
1,1,3,0,1,1,negative
1,1,3,0,1,2,negative
1,1,3,0,2,0,negative
1,1,3,0,2,1,negative
1,1,3,0,2,2,negative
1,1,3,1,0,0,negative
1,1,3,1,0,1,negative
1,1,3,1,0,2,negative
1,1,3,1,1,0,negative
1,1,3,1,1,1,negative
1,1,3,1,1,2,negative
1,1,3,1,2,0,negative
1,1,3,1,2,1,negative
1,1,3,1,2,2,negative
1,1,3,2,0,0,negative
1,1,3,2,0,1,negative
1,1,3,2,0,2,negative
1,1,3,2,1,0,negative
1,1,3,2,1,1,negative
1,1,3,2,1,2,negative
1,1,3,2,2,0,negative
1,1,3,2,2,1,negative
1,1,3,2,2,2,negative
1,2,0,0,0,0,negative
1,2,0,0,0,1,negative
1,2,0,0,0,2,negative
1,2,0,0,1,0,negative
1,2,0,0,1,1,negative
1,2,0,0,1,2,negative
1,2,0,0,2,0,negative
1,2,0,0,2,1,negative
1,2,0,0,2,2,negative
1,2,0,1,0,0,negative
1,2,0,1,0,1,negative
1,2,0,1,0,2,negative
1,2,0,1,1,0,negative
1,2,0,1,1,1,negative
1,2,0,1,1,2,negative
1,2,0,1,2,0,negative
1,2,0,1,2,1,negative
1,2,0,1,2,2,negative
1,2,0,2,0,0,negative
1,2,0,2,0,1,negative
1,2,0,2,0,2,negative
1,2,0,2,1,0,negative
1,2,0,2,1,1,negative
1,2,0,2,1,2,negative
1,2,0,2,2,0,negative
1,2,0,2,2,1,negative
1,2,0,2,2,2,negative
1,2,1,0,0,0,negative
1,2,1,0,0,1,negative
1,2,1,0,0,2,negative
1,2,1,0,1,0,negative
1,2,1,0,1,1,negative
1,2,1,0,1,2,negative
1,2,1,0,2,0,negative
1,2,1,0,2,1,negative
1,2,1,0,2,2,negative
1,2,1,1,0,0,negative
1,2,1,1,0,1,negative
1,2,1,1,0,2,negative
1,2,1,1,1,0,negative
1,2,1,1,1,1,negative
1,2,1,1,1,2,negative
1,2,1,1,2,0,negative
1,2,1,1,2,1,negative
1,2,1,1,2,2,negative
1,2,1,2,0,0,negative
1,2,1,2,0,1,negative
1,2,1,2,0,2,negative
1,2,1,2,1,0,negative
1,2,1,2,1,1,negative
1,2,1,2,1,2,negative
1,2,1,2,2,0,negative
1,2,1,2,2,1,negative
1,2,1,2,2,2,negative
1,2,2,0,0,0,negative
1,2,2,0,0,1,negative
1,2,2,0,0,2,negative
1,2,2,0,1,0,negative
1,2,2,0,1,1,negative
1,2,2,0,1,2,negative
1,2,2,0,2,0,negative
1,2,2,0,2,1,negative
1,2,2,0,2,2,negative
1,2,2,1,0,0,negative
1,2,2,1,0,1,negative
1,2,2,1,0,2,negative
1,2,2,1,1,0,negative
1,2,2,1,1,1,negative
1,2,2,1,1,2,negative
1,2,2,1,2,0,negative
1,2,2,1,2,1,negative
1,2,2,1,2,2,negative
1,2,2,2,0,0,negative
1,2,2,2,0,1,negative
1,2,2,2,0,2,negative
1,2,2,2,1,0,negative
1,2,2,2,1,1,negative
1,2,2,2,1,2,negative
1,2,2,2,2,0,negative
1,2,2,2,2,1,negative
1,2,2,2,2,2,negative
1,2,3,0,0,0,negative
1,2,3,0,0,1,negative
1,2,3,0,0,2,negative
1,2,3,0,1,0,negative
1,2,3,0,1,1,negative
1,2,3,0,1,2,negative
1,2,3,0,2,0,negative
1,2,3,0,2,1,negative
1,2,3,0,2,2,negative
1,2,3,1,0,0,negative
1,2,3,1,0,1,negative
1,2,3,1,0,2,negative
1,2,3,1,1,0,negative
1,2,3,1,1,1,negative
1,2,3,1,1,2,negative
1,2,3,1,2,0,negative
1,2,3,1,2,1,negative
1,2,3,1,2,2,negative
1,2,3,2,0,0,negative
1,2,3,2,0,1,negative
1,2,3,2,0,2,negative
1,2,3,2,1,0,negative
1,2,3,2,1,1,negative
1,2,3,2,1,2,negative
1,2,3,2,2,0,negative
1,2,3,2,2,1,negative
1,2,3,2,2,2,negative
1,3,0,0,0,0,negative
1,3,0,0,0,1,negative
1,3,0,0,0,2,negative
1,3,0,0,1,0,negative
1,3,0,0,1,1,negative
1,3,0,0,1,2,negative
1,3,0,0,2,0,negative
1,3,0,0,2,1,negative
1,3,0,0,2,2,negative
1,3,0,1,0,0,negative
1,3,0,1,0,1,negative
1,3,0,1,0,2,negative
1,3,0,1,1,0,negative
1,3,0,1,1,1,negative
1,3,0,1,1,2,negative
1,3,0,1,2,0,negative
1,3,0,1,2,1,negative
1,3,0,1,2,2,negative
1,3,0,2,0,0,negative
1,3,0,2,0,1,negative
1,3,0,2,0,2,negative
1,3,0,2,1,0,negative
1,3,0,2,1,1,negative
1,3,0,2,1,2,negative
1,3,0,2,2,0,negative
1,3,0,2,2,1,negative
1,3,0,2,2,2,negative
1,3,1,0,0,0,negative
1,3,1,0,0,1,negative
1,3,1,0,0,2,negative
1,3,1,0,1,0,negative
1,3,1,0,1,1,negative
1,3,1,0,1,2,negative
1,3,1,0,2,0,negative
1,3,1,0,2,1,negative
1,3,1,0,2,2,negative
1,3,1,1,0,0,negative
1,3,1,1,0,1,negative
1,3,1,1,0,2,negative
1,3,1,1,1,0,negative
1,3,1,1,1,1,negative
1,3,1,1,1,2,negative
1,3,1,1,2,0,negative
1,3,1,1,2,1,negative
1,3,1,1,2,2,negative
1,3,1,2,0,0,negative
1,3,1,2,0,1,negative
1,3,1,2,0,2,negative
1,3,1,2,1,0,negative
1,3,1,2,1,1,negative
1,3,1,2,1,2,negative
1,3,1,2,2,0,negative
1,3,1,2,2,1,negative
1,3,1,2,2,2,negative
1,3,2,0,0,0,negative
1,3,2,0,0,1,negative
1,3,2,0,0,2,negative
1,3,2,0,1,0,negative
1,3,2,0,1,1,negative
1,3,2,0,1,2,negative
1,3,2,0,2,0,negative
1,3,2,0,2,1,negative
1,3,2,0,2,2,negative
1,3,2,1,0,0,negative
1,3,2,1,0,1,negative
1,3,2,1,0,2,negative
1,3,2,1,1,0,negative
1,3,2,1,1,1,negative
1,3,2,1,1,2,negative
1,3,2,1,2,0,negative
1,3,2,1,2,1,negative
1,3,2,1,2,2,negative
1,3,2,2,0,0,negative
1,3,2,2,0,1,negative
1,3,2,2,0,2,negative
1,3,2,2,1,0,negative
1,3,2,2,1,1,negative
1,3,2,2,1,2,negative
1,3,2,2,2,0,negative
1,3,2,2,2,1,negative
1,3,2,2,2,2,negative
1,3,3,0,0,0,negative
1,3,3,0,0,1,negative
1,3,3,0,0,2,negative
1,3,3,0,1,0,negative
1,3,3,0,1,1,negative
1,3,3,0,1,2,negative
1,3,3,0,2,0,negative
1,3,3,0,2,1,negative
1,3,3,0,2,2,negative
1,3,3,1,0,0,negative
1,3,3,1,0,1,negative
1,3,3,1,0,2,negative
1,3,3,1,1,0,negative
1,3,3,1,1,1,negative
1,3,3,1,1,2,negative
1,3,3,1,2,0,negative
1,3,3,1,2,1,negative
1,3,3,1,2,2,negative
1,3,3,2,0,0,negative
1,3,3,2,0,1,negative
1,3,3,2,0,2,negative
1,3,3,2,1,0,negative
1,3,3,2,1,1,negative
1,3,3,2,1,2,negative
1,3,3,2,2,0,negative
1,3,3,2,2,1,negative
1,3,3,2,2,2,negative
2,0,0,0,0,0,negative
2,0,0,0,0,1,negative
2,0,0,0,0,2,negative
2,0,0,0,1,0,negative
2,0,0,0,1,1,negative
2,0,0,0,1,2,negative
2,0,0,0,2,0,negative
2,0,0,0,2,1,negative
2,0,0,0,2,2,negative
2,0,0,1,0,0,negative
2,0,0,1,0,1,negative
2,0,0,1,0,2,negative
2,0,0,1,1,0,negative
2,0,0,1,1,1,negative
2,0,0,1,1,2,negative
2,0,0,1,2,0,negative
2,0,0,1,2,1,negative
2,0,0,1,2,2,negative
2,0,0,2,0,0,negative
2,0,0,2,0,1,negative
2,0,0,2,0,2,negative
2,0,0,2,1,0,negative
2,0,0,2,1,1,negative
2,0,0,2,1,2,negative
2,0,0,2,2,0,negative
2,0,0,2,2,1,negative
2,0,0,2,2,2,negative
2,0,1,0,0,0,negative
2,0,1,0,0,1,negative
2,0,1,0,0,2,negative
2,0,1,0,1,0,negative
2,0,1,0,1,1,negative
2,0,1,0,1,2,negative
2,0,1,0,2,0,negative
2,0,1,0,2,1,negative
2,0,1,0,2,2,negative
2,0,1,1,0,0,negative
2,0,1,1,0,1,negative
2,0,1,1,0,2,negative
2,0,1,1,1,0,negative
2,0,1,1,1,1,negative
2,0,1,1,1,2,negative
2,0,1,1,2,0,negative
2,0,1,1,2,1,negative
2,0,1,1,2,2,negative
2,0,1,2,0,0,negative
2,0,1,2,0,1,negative
2,0,1,2,0,2,negative
2,0,1,2,1,0,negative
2,0,1,2,1,1,negative
2,0,1,2,1,2,negative
2,0,1,2,2,0,negative
2,0,1,2,2,1,negative
2,0,1,2,2,2,negative
2,0,2,0,0,0,negative
2,0,2,0,0,1,negative
2,0,2,0,0,2,negative
2,0,2,0,1,0,negative
2,0,2,0,1,1,negative
2,0,2,0,1,2,negative
2,0,2,0,2,0,negative
2,0,2,0,2,1,negative
2,0,2,0,2,2,negative
2,0,2,1,0,0,negative
2,0,2,1,0,1,negative
2,0,2,1,0,2,negative
2,0,2,1,1,0,negative
2,0,2,1,1,1,negative
2,0,2,1,1,2,negative
2,0,2,1,2,0,negative
2,0,2,1,2,1,negative
2,0,2,1,2,2,negative
2,0,2,2,0,0,negative
2,0,2,2,0,1,negative
2,0,2,2,0,2,negative
2,0,2,2,1,0,negative
2,0,2,2,1,1,negative
2,0,2,2,1,2,negative
2,0,2,2,2,0,negative
2,0,2,2,2,1,negative
2,0,2,2,2,2,negative
2,0,3,0,0,0,negative
2,0,3,0,0,1,negative
2,0,3,0,0,2,negative
2,0,3,0,1,0,negative
2,0,3,0,1,1,negative
2,0,3,0,1,2,negative
2,0,3,0,2,0,negative
2,0,3,0,2,1,negative
2,0,3,0,2,2,negative
2,0,3,1,0,0,negative
2,0,3,1,0,1,negative
2,0,3,1,0,2,negative
2,0,3,1,1,0,negative
2,0,3,1,1,1,negative
2,0,3,1,1,2,negative
2,0,3,1,2,0,negative
2,0,3,1,2,1,negative
2,0,3,1,2,2,negative
2,0,3,2,0,0,negative
2,0,3,2,0,1,negative
2,0,3,2,0,2,negative
2,0,3,2,1,0,negative
2,0,3,2,1,1,negative
2,0,3,2,1,2,negative
2,0,3,2,2,0,negative
2,0,3,2,2,1,negative
2,0,3,2,2,2,negative
2,1,0,0,0,0,negative
2,1,0,0,0,1,negative
2,1,0,0,0,2,negative
2,1,0,0,1,0,negative
2,1,0,0,1,1,negative
2,1,0,0,1,2,negative
2,1,0,0,2,0,negative
2,1,0,0,2,1,negative
2,1,0,0,2,2,negative
2,1,0,1,0,0,negative
2,1,0,1,0,1,negative
2,1,0,1,0,2,negative
2,1,0,1,1,0,negative
2,1,0,1,1,1,negative
2,1,0,1,1,2,negative
2,1,0,1,2,0,negative
2,1,0,1,2,1,negative
2,1,0,1,2,2,negative
2,1,0,2,0,0,negative
2,1,0,2,0,1,negative
2,1,0,2,0,2,negative
2,1,0,2,1,0,negative
2,1,0,2,1,1,negative
2,1,0,2,1,2,negative
2,1,0,2,2,0,negative
2,1,0,2,2,1,negative
2,1,0,2,2,2,negative
2,1,1,0,0,0,negative
2,1,1,0,0,1,negative
2,1,1,0,0,2,negative
2,1,1,0,1,0,negative
2,1,1,0,1,1,negative
2,1,1,0,1,2,negative
2,1,1,0,2,0,negative
2,1,1,0,2,1,negative
2,1,1,0,2,2,negative
2,1,1,1,0,0,negative
2,1,1,1,0,1,negative
2,1,1,1,0,2,negative
2,1,1,1,1,0,negative
2,1,1,1,1,1,negative
2,1,1,1,1,2,negative
2,1,1,1,2,0,negative
2,1,1,1,2,1,negative
2,1,1,1,2,2,negative
2,1,1,2,0,0,negative
2,1,1,2,0,1,negative
2,1,1,2,0,2,negative
2,1,1,2,1,0,negative
2,1,1,2,1,1,negative
2,1,1,2,1,2,negative
2,1,1,2,2,0,negative
2,1,1,2,2,1,negative
2,1,1,2,2,2,negative
2,1,2,0,0,0,negative
2,1,2,0,0,1,negative
2,1,2,0,0,2,negative
2,1,2,0,1,0,negative
2,1,2,0,1,1,negative
2,1,2,0,1,2,negative
2,1,2,0,2,0,negative
2,1,2,0,2,1,negative
2,1,2,0,2,2,negative
2,1,2,1,0,0,negative
2,1,2,1,0,1,negative
2,1,2,1,0,2,negative
2,1,2,1,1,0,negative
2,1,2,1,1,1,negative
2,1,2,1,1,2,negative
2,1,2,1,2,0,negative
2,1,2,1,2,1,negative
2,1,2,1,2,2,negative
2,1,2,2,0,0,negative
2,1,2,2,0,1,negative
2,1,2,2,0,2,negative
2,1,2,2,1,0,negative
2,1,2,2,1,1,negative
2,1,2,2,1,2,negative
2,1,2,2,2,0,negative
2,1,2,2,2,1,negative
2,1,2,2,2,2,negative
2,1,3,0,0,0,negative
2,1,3,0,0,1,negative
2,1,3,0,0,2,negative
2,1,3,0,1,0,negative
2,1,3,0,1,1,negative
2,1,3,0,1,2,negative
2,1,3,0,2,0,negative
2,1,3,0,2,1,negative
2,1,3,0,2,2,negative
2,1,3,1,0,0,negative
2,1,3,1,0,1,negative
2,1,3,1,0,2,negative
2,1,3,1,1,0,negative
2,1,3,1,1,1,negative
2,1,3,1,1,2,negative
2,1,3,1,2,0,negative
2,1,3,1,2,1,negative
2,1,3,1,2,2,negative
2,1,3,2,0,0,negative
2,1,3,2,0,1,negative
2,1,3,2,0,2,negative
2,1,3,2,1,0,negative
2,1,3,2,1,1,negative
2,1,3,2,1,2,negative
2,1,3,2,2,0,negative
2,1,3,2,2,1,negative
2,1,3,2,2,2,negative
2,2,0,0,0,0,negative
2,2,0,0,0,1,negative
2,2,0,0,0,2,negative
2,2,0,0,1,0,negative
2,2,0,0,1,1,negative
2,2,0,0,1,2,negative
2,2,0,0,2,0,negative
2,2,0,0,2,1,negative
2,2,0,0,2,2,negative
2,2,0,1,0,0,negative
2,2,0,1,0,1,negative
2,2,0,1,0,2,negative
2,2,0,1,1,0,negative
2,2,0,1,1,1,negative
2,2,0,1,1,2,negative
2,2,0,1,2,0,negative
2,2,0,1,2,1,negative
2,2,0,1,2,2,negative
2,2,0,2,0,0,negative
2,2,0,2,0,1,negative
2,2,0,2,0,2,negative
2,2,0,2,1,0,negative
2,2,0,2,1,1,negative
2,2,0,2,1,2,negative
2,2,0,2,2,0,negative
2,2,0,2,2,1,negative
2,2,0,2,2,2,negative
2,2,1,0,0,0,negative
2,2,1,0,0,1,negative
2,2,1,0,0,2,negative
2,2,1,0,1,0,negative
2,2,1,0,1,1,negative
2,2,1,0,1,2,negative
2,2,1,0,2,0,negative
2,2,1,0,2,1,negative
2,2,1,0,2,2,negative
2,2,1,1,0,0,negative
2,2,1,1,0,1,negative
2,2,1,1,0,2,negative
2,2,1,1,1,0,negative
2,2,1,1,1,1,negative
2,2,1,1,1,2,negative
2,2,1,1,2,0,negative
2,2,1,1,2,1,negative
2,2,1,1,2,2,negative
2,2,1,2,0,0,negative
2,2,1,2,0,1,negative
2,2,1,2,0,2,negative
2,2,1,2,1,0,negative
2,2,1,2,1,1,negative
2,2,1,2,1,2,negative
2,2,1,2,2,0,negative
2,2,1,2,2,1,negative
2,2,1,2,2,2,negative
2,2,2,0,0,0,negative
2,2,2,0,0,1,negative
2,2,2,0,0,2,negative
2,2,2,0,1,0,negative
2,2,2,0,1,1,negative
2,2,2,0,1,2,negative
2,2,2,0,2,0,negative
2,2,2,0,2,1,negative
2,2,2,0,2,2,negative
2,2,2,1,0,0,negative
2,2,2,1,0,1,negative
2,2,2,1,0,2,negative
2,2,2,1,1,0,negative
2,2,2,1,1,1,negative
2,2,2,1,1,2,negative
2,2,2,1,2,0,negative
2,2,2,1,2,1,negative
2,2,2,1,2,2,negative
2,2,2,2,0,0,negative
2,2,2,2,0,1,negative
2,2,2,2,0,2,negative
2,2,2,2,1,0,negative
2,2,2,2,1,1,negative
2,2,2,2,1,2,negative
2,2,2,2,2,0,negative
2,2,2,2,2,1,negative
2,2,2,2,2,2,negative
2,2,3,0,0,0,negative
2,2,3,0,0,1,negative
2,2,3,0,0,2,negative
2,2,3,0,1,0,negative
2,2,3,0,1,1,negative
2,2,3,0,1,2,negative
2,2,3,0,2,0,negative
2,2,3,0,2,1,negative
2,2,3,0,2,2,negative
2,2,3,1,0,0,negative
2,2,3,1,0,1,negative
2,2,3,1,0,2,negative
2,2,3,1,1,0,negative
2,2,3,1,1,1,negative
2,2,3,1,1,2,negative
2,2,3,1,2,0,negative
2,2,3,1,2,1,negative
2,2,3,1,2,2,negative
2,2,3,2,0,0,negative
2,2,3,2,0,1,negative
2,2,3,2,0,2,negative
2,2,3,2,1,0,negative
2,2,3,2,1,1,negative
2,2,3,2,1,2,negative
2,2,3,2,2,0,negative
2,2,3,2,2,1,negative
2,2,3,2,2,2,negative
2,3,0,0,0,0,negative
2,3,0,0,0,1,negative
2,3,0,0,0,2,negative
2,3,0,0,1,0,negative
2,3,0,0,1,1,negative
2,3,0,0,1,2,negative
2,3,0,0,2,0,negative
2,3,0,0,2,1,negative
2,3,0,0,2,2,negative
2,3,0,1,0,0,negative
2,3,0,1,0,1,negative
2,3,0,1,0,2,positive
2,3,0,1,1,0,negative
2,3,0,1,1,1,negative
2,3,0,1,1,2,positive
2,3,0,1,2,0,negative
2,3,0,1,2,1,positive
2,3,0,1,2,2,negative
2,3,0,2,0,0,negative
2,3,0,2,0,1,negative
2,3,0,2,0,2,negative
2,3,0,2,1,0,negative
2,3,0,2,1,1,negative
2,3,0,2,1,2,positive
2,3,0,2,2,0,negative
2,3,0,2,2,1,positive
2,3,0,2,2,2,negative
2,3,1,0,0,0,negative
2,3,1,0,0,1,negative
2,3,1,0,0,2,negative
2,3,1,0,1,0,negative
2,3,1,0,1,1,negative
2,3,1,0,1,2,negative
2,3,1,0,2,0,negative
2,3,1,0,2,1,negative
2,3,1,0,2,2,negative
2,3,1,1,0,0,negative
2,3,1,1,0,1,negative
2,3,1,1,0,2,positive
2,3,1,1,1,0,negative
2,3,1,1,1,1,negative
2,3,1,1,1,2,positive
2,3,1,1,2,0,negative
2,3,1,1,2,1,positive
2,3,1,1,2,2,negative
2,3,1,2,0,0,negative
2,3,1,2,0,1,negative
2,3,1,2,0,2,positive
2,3,1,2,1,0,negative
2,3,1,2,1,1,positive
2,3,1,2,1,2,negative
2,3,1,2,2,0,negative
2,3,1,2,2,1,positive
2,3,1,2,2,2,negative
2,3,2,0,0,0,negative
2,3,2,0,0,1,negative
2,3,2,0,0,2,negative
2,3,2,0,1,0,negative
2,3,2,0,1,1,negative
2,3,2,0,1,2,negative
2,3,2,0,2,0,negative
2,3,2,0,2,1,negative
2,3,2,0,2,2,negative
2,3,2,1,0,0,negative
2,3,2,1,0,1,negative
2,3,2,1,0,2,positive
2,3,2,1,1,0,negative
2,3,2,1,1,1,positive
2,3,2,1,1,2,negative
2,3,2,1,2,0,negative
2,3,2,1,2,1,positive
2,3,2,1,2,2,negative
2,3,2,2,0,0,negative
2,3,2,2,0,1,negative
2,3,2,2,0,2,positive
2,3,2,2,1,0,negative
2,3,2,2,1,1,positive
2,3,2,2,1,2,negative
2,3,2,2,2,0,negative
2,3,2,2,2,1,positive
2,3,2,2,2,2,negative
2,3,3,0,0,0,negative
2,3,3,0,0,1,negative
2,3,3,0,0,2,negative
2,3,3,0,1,0,negative
2,3,3,0,1,1,negative
2,3,3,0,1,2,negative
2,3,3,0,2,0,negative
2,3,3,0,2,1,negative
2,3,3,0,2,2,negative
2,3,3,1,0,0,negative
2,3,3,1,0,1,negative
2,3,3,1,0,2,positive
2,3,3,1,1,0,negative
2,3,3,1,1,1,positive
2,3,3,1,1,2,negative
2,3,3,1,2,0,negative
2,3,3,1,2,1,positive
2,3,3,1,2,2,negative
2,3,3,2,0,0,negative
2,3,3,2,0,1,negative
2,3,3,2,0,2,positive
2,3,3,2,1,0,negative
2,3,3,2,1,1,positive
2,3,3,2,1,2,negative
2,3,3,2,2,0,negative
2,3,3,2,2,1,positive
2,3,3,2,2,2,negative
3,0,0,0,0,0,negative
3,0,0,0,0,1,negative
3,0,0,0,0,2,negative
3,0,0,0,1,0,negative
3,0,0,0,1,1,negative
3,0,0,0,1,2,negative
3,0,0,0,2,0,negative
3,0,0,0,2,1,negative
3,0,0,0,2,2,negative
3,0,0,1,0,0,negative
3,0,0,1,0,1,negative
3,0,0,1,0,2,negative
3,0,0,1,1,0,negative
3,0,0,1,1,1,negative
3,0,0,1,1,2,negative
3,0,0,1,2,0,negative
3,0,0,1,2,1,negative
3,0,0,1,2,2,negative
3,0,0,2,0,0,negative
3,0,0,2,0,1,negative
3,0,0,2,0,2,negative
3,0,0,2,1,0,negative
3,0,0,2,1,1,negative
3,0,0,2,1,2,negative
3,0,0,2,2,0,negative
3,0,0,2,2,1,negative
3,0,0,2,2,2,negative
3,0,1,0,0,0,negative
3,0,1,0,0,1,negative
3,0,1,0,0,2,negative
3,0,1,0,1,0,negative
3,0,1,0,1,1,negative
3,0,1,0,1,2,negative
3,0,1,0,2,0,negative
3,0,1,0,2,1,negative
3,0,1,0,2,2,negative
3,0,1,1,0,0,negative
3,0,1,1,0,1,negative
3,0,1,1,0,2,negative
3,0,1,1,1,0,negative
3,0,1,1,1,1,negative
3,0,1,1,1,2,negative
3,0,1,1,2,0,negative
3,0,1,1,2,1,negative
3,0,1,1,2,2,negative
3,0,1,2,0,0,negative
3,0,1,2,0,1,negative
3,0,1,2,0,2,negative
3,0,1,2,1,0,negative
3,0,1,2,1,1,negative
3,0,1,2,1,2,negative
3,0,1,2,2,0,negative
3,0,1,2,2,1,negative
3,0,1,2,2,2,negative
3,0,2,0,0,0,negative
3,0,2,0,0,1,negative
3,0,2,0,0,2,negative
3,0,2,0,1,0,negative
3,0,2,0,1,1,negative
3,0,2,0,1,2,negative
3,0,2,0,2,0,negative
3,0,2,0,2,1,negative
3,0,2,0,2,2,negative
3,0,2,1,0,0,negative
3,0,2,1,0,1,negative
3,0,2,1,0,2,negative
3,0,2,1,1,0,negative
3,0,2,1,1,1,negative
3,0,2,1,1,2,negative
3,0,2,1,2,0,negative
3,0,2,1,2,1,negative
3,0,2,1,2,2,negative
3,0,2,2,0,0,negative
3,0,2,2,0,1,negative
3,0,2,2,0,2,negative
3,0,2,2,1,0,negative
3,0,2,2,1,1,negative
3,0,2,2,1,2,negative
3,0,2,2,2,0,negative
3,0,2,2,2,1,negative
3,0,2,2,2,2,negative
3,0,3,0,0,0,negative
3,0,3,0,0,1,negative
3,0,3,0,0,2,negative
3,0,3,0,1,0,negative
3,0,3,0,1,1,negative
3,0,3,0,1,2,negative
3,0,3,0,2,0,negative
3,0,3,0,2,1,negative
3,0,3,0,2,2,negative
3,0,3,1,0,0,negative
3,0,3,1,0,1,negative
3,0,3,1,0,2,negative
3,0,3,1,1,0,negative
3,0,3,1,1,1,negative
3,0,3,1,1,2,negative
3,0,3,1,2,0,negative
3,0,3,1,2,1,negative
3,0,3,1,2,2,negative
3,0,3,2,0,0,negative
3,0,3,2,0,1,negative
3,0,3,2,0,2,negative
3,0,3,2,1,0,negative
3,0,3,2,1,1,negative
3,0,3,2,1,2,negative
3,0,3,2,2,0,negative
3,0,3,2,2,1,negative
3,0,3,2,2,2,negative
3,1,0,0,0,0,negative
3,1,0,0,0,1,negative
3,1,0,0,0,2,negative
3,1,0,0,1,0,negative
3,1,0,0,1,1,negative
3,1,0,0,1,2,negative
3,1,0,0,2,0,negative
3,1,0,0,2,1,negative
3,1,0,0,2,2,negative
3,1,0,1,0,0,negative
3,1,0,1,0,1,negative
3,1,0,1,0,2,negative
3,1,0,1,1,0,negative
3,1,0,1,1,1,negative
3,1,0,1,1,2,negative
3,1,0,1,2,0,negative
3,1,0,1,2,1,negative
3,1,0,1,2,2,negative
3,1,0,2,0,0,negative
3,1,0,2,0,1,negative
3,1,0,2,0,2,negative
3,1,0,2,1,0,negative
3,1,0,2,1,1,negative
3,1,0,2,1,2,negative
3,1,0,2,2,0,negative
3,1,0,2,2,1,negative
3,1,0,2,2,2,negative
3,1,1,0,0,0,negative
3,1,1,0,0,1,negative
3,1,1,0,0,2,negative
3,1,1,0,1,0,negative
3,1,1,0,1,1,negative
3,1,1,0,1,2,negative
3,1,1,0,2,0,negative
3,1,1,0,2,1,negative
3,1,1,0,2,2,negative
3,1,1,1,0,0,negative
3,1,1,1,0,1,negative
3,1,1,1,0,2,negative
3,1,1,1,1,0,negative
3,1,1,1,1,1,negative
3,1,1,1,1,2,negative
3,1,1,1,2,0,negative
3,1,1,1,2,1,negative
3,1,1,1,2,2,negative
3,1,1,2,0,0,negative
3,1,1,2,0,1,negative
3,1,1,2,0,2,negative
3,1,1,2,1,0,negative
3,1,1,2,1,1,negative
3,1,1,2,1,2,negative
3,1,1,2,2,0,negative
3,1,1,2,2,1,negative
3,1,1,2,2,2,negative
3,1,2,0,0,0,negative
3,1,2,0,0,1,negative
3,1,2,0,0,2,negative
3,1,2,0,1,0,negative
3,1,2,0,1,1,negative
3,1,2,0,1,2,negative
3,1,2,0,2,0,negative
3,1,2,0,2,1,negative
3,1,2,0,2,2,negative
3,1,2,1,0,0,negative
3,1,2,1,0,1,negative
3,1,2,1,0,2,negative
3,1,2,1,1,0,negative
3,1,2,1,1,1,negative
3,1,2,1,1,2,negative
3,1,2,1,2,0,negative
3,1,2,1,2,1,negative
3,1,2,1,2,2,negative
3,1,2,2,0,0,negative
3,1,2,2,0,1,negative
3,1,2,2,0,2,negative
3,1,2,2,1,0,negative
3,1,2,2,1,1,negative
3,1,2,2,1,2,negative
3,1,2,2,2,0,negative
3,1,2,2,2,1,negative
3,1,2,2,2,2,negative
3,1,3,0,0,0,negative
3,1,3,0,0,1,negative
3,1,3,0,0,2,negative
3,1,3,0,1,0,negative
3,1,3,0,1,1,negative
3,1,3,0,1,2,negative
3,1,3,0,2,0,negative
3,1,3,0,2,1,negative
3,1,3,0,2,2,negative
3,1,3,1,0,0,negative
3,1,3,1,0,1,negative
3,1,3,1,0,2,negative
3,1,3,1,1,0,negative
3,1,3,1,1,1,negative
3,1,3,1,1,2,negative
3,1,3,1,2,0,negative
3,1,3,1,2,1,negative
3,1,3,1,2,2,negative
3,1,3,2,0,0,negative
3,1,3,2,0,1,negative
3,1,3,2,0,2,negative
3,1,3,2,1,0,negative
3,1,3,2,1,1,negative
3,1,3,2,1,2,negative
3,1,3,2,2,0,negative
3,1,3,2,2,1,negative
3,1,3,2,2,2,negative
3,2,0,0,0,0,negative
3,2,0,0,0,1,negative
3,2,0,0,0,2,negative
3,2,0,0,1,0,negative
3,2,0,0,1,1,negative
3,2,0,0,1,2,negative
3,2,0,0,2,0,negative
3,2,0,0,2,1,negative
3,2,0,0,2,2,negative
3,2,0,1,0,0,negative
3,2,0,1,0,1,negative
3,2,0,1,0,2,positive
3,2,0,1,1,0,negative
3,2,0,1,1,1,negative
3,2,0,1,1,2,positive
3,2,0,1,2,0,negative
3,2,0,1,2,1,positive
3,2,0,1,2,2,negative
3,2,0,2,0,0,negative
3,2,0,2,0,1,negative
3,2,0,2,0,2,negative
3,2,0,2,1,0,negative
3,2,0,2,1,1,negative
3,2,0,2,1,2,positive
3,2,0,2,2,0,negative
3,2,0,2,2,1,positive
3,2,0,2,2,2,negative
3,2,1,0,0,0,negative
3,2,1,0,0,1,negative
3,2,1,0,0,2,negative
3,2,1,0,1,0,negative
3,2,1,0,1,1,negative
3,2,1,0,1,2,negative
3,2,1,0,2,0,negative
3,2,1,0,2,1,negative
3,2,1,0,2,2,negative
3,2,1,1,0,0,negative
3,2,1,1,0,1,negative
3,2,1,1,0,2,positive
3,2,1,1,1,0,negative
3,2,1,1,1,1,negative
3,2,1,1,1,2,positive
3,2,1,1,2,0,negative
3,2,1,1,2,1,positive
3,2,1,1,2,2,negative
3,2,1,2,0,0,negative
3,2,1,2,0,1,negative
3,2,1,2,0,2,positive
3,2,1,2,1,0,negative
3,2,1,2,1,1,positive
3,2,1,2,1,2,negative
3,2,1,2,2,0,negative
3,2,1,2,2,1,positive
3,2,1,2,2,2,negative
3,2,2,0,0,0,negative
3,2,2,0,0,1,negative
3,2,2,0,0,2,negative
3,2,2,0,1,0,negative
3,2,2,0,1,1,negative
3,2,2,0,1,2,negative
3,2,2,0,2,0,negative
3,2,2,0,2,1,negative
3,2,2,0,2,2,negative
3,2,2,1,0,0,negative
3,2,2,1,0,1,negative
3,2,2,1,0,2,positive
3,2,2,1,1,0,negative
3,2,2,1,1,1,positive
3,2,2,1,1,2,negative
3,2,2,1,2,0,negative
3,2,2,1,2,1,positive
3,2,2,1,2,2,negative
3,2,2,2,0,0,negative
3,2,2,2,0,1,negative
3,2,2,2,0,2,positive
3,2,2,2,1,0,negative
3,2,2,2,1,1,positive
3,2,2,2,1,2,negative
3,2,2,2,2,0,negative
3,2,2,2,2,1,positive
3,2,2,2,2,2,negative
3,2,3,0,0,0,negative
3,2,3,0,0,1,negative
3,2,3,0,0,2,negative
3,2,3,0,1,0,negative
3,2,3,0,1,1,negative
3,2,3,0,1,2,negative
3,2,3,0,2,0,negative
3,2,3,0,2,1,negative
3,2,3,0,2,2,negative
3,2,3,1,0,0,negative
3,2,3,1,0,1,negative
3,2,3,1,0,2,positive
3,2,3,1,1,0,negative
3,2,3,1,1,1,positive
3,2,3,1,1,2,negative
3,2,3,1,2,0,negative
3,2,3,1,2,1,positive
3,2,3,1,2,2,negative
3,2,3,2,0,0,negative
3,2,3,2,0,1,negative
3,2,3,2,0,2,positive
3,2,3,2,1,0,negative
3,2,3,2,1,1,positive
3,2,3,2,1,2,negative
3,2,3,2,2,0,negative
3,2,3,2,2,1,positive
3,2,3,2,2,2,negative
3,3,0,0,0,0,negative
3,3,0,0,0,1,negative
3,3,0,0,0,2,negative
3,3,0,0,1,0,negative
3,3,0,0,1,1,negative
3,3,0,0,1,2,negative
3,3,0,0,2,0,negative
3,3,0,0,2,1,negative
3,3,0,0,2,2,negative
3,3,0,1,0,0,negative
3,3,0,1,0,1,negative
3,3,0,1,0,2,positive
3,3,0,1,1,0,negative
3,3,0,1,1,1,negative
3,3,0,1,1,2,positive
3,3,0,1,2,0,negative
3,3,0,1,2,1,positive
3,3,0,1,2,2,negative
3,3,0,2,0,0,negative
3,3,0,2,0,1,negative
3,3,0,2,0,2,negative
3,3,0,2,1,0,negative
3,3,0,2,1,1,negative
3,3,0,2,1,2,positive
3,3,0,2,2,0,negative
3,3,0,2,2,1,positive
3,3,0,2,2,2,negative
3,3,1,0,0,0,negative
3,3,1,0,0,1,negative
3,3,1,0,0,2,negative
3,3,1,0,1,0,negative
3,3,1,0,1,1,negative
3,3,1,0,1,2,negative
3,3,1,0,2,0,negative
3,3,1,0,2,1,negative
3,3,1,0,2,2,negative
3,3,1,1,0,0,negative
3,3,1,1,0,1,negative
3,3,1,1,0,2,positive
3,3,1,1,1,0,negative
3,3,1,1,1,1,negative
3,3,1,1,1,2,positive
3,3,1,1,2,0,negative
3,3,1,1,2,1,positive
3,3,1,1,2,2,negative
3,3,1,2,0,0,negative
3,3,1,2,0,1,negative
3,3,1,2,0,2,positive
3,3,1,2,1,0,negative
3,3,1,2,1,1,positive
3,3,1,2,1,2,negative
3,3,1,2,2,0,negative
3,3,1,2,2,1,positive
3,3,1,2,2,2,negative
3,3,2,0,0,0,negative
3,3,2,0,0,1,negative
3,3,2,0,0,2,negative
3,3,2,0,1,0,negative
3,3,2,0,1,1,negative
3,3,2,0,1,2,negative
3,3,2,0,2,0,negative
3,3,2,0,2,1,negative
3,3,2,0,2,2,negative
3,3,2,1,0,0,negative
3,3,2,1,0,1,negative
3,3,2,1,0,2,positive
3,3,2,1,1,0,negative
3,3,2,1,1,1,positive
3,3,2,1,1,2,negative
3,3,2,1,2,0,negative
3,3,2,1,2,1,positive
3,3,2,1,2,2,negative
3,3,2,2,0,0,negative
3,3,2,2,0,1,negative
3,3,2,2,0,2,positive
3,3,2,2,1,0,negative
3,3,2,2,1,1,positive
3,3,2,2,1,2,negative
3,3,2,2,2,0,negative
3,3,2,2,2,1,positive
3,3,2,2,2,2,negative
3,3,3,0,0,0,negative
3,3,3,0,0,1,negative
3,3,3,0,0,2,negative
3,3,3,0,1,0,negative
3,3,3,0,1,1,negative
3,3,3,0,1,2,negative
3,3,3,0,2,0,negative
3,3,3,0,2,1,negative
3,3,3,0,2,2,negative
3,3,3,1,0,0,negative
3,3,3,1,0,1,negative
3,3,3,1,0,2,positive
3,3,3,1,1,0,negative
3,3,3,1,1,1,positive
3,3,3,1,1,2,negative
3,3,3,1,2,0,negative
3,3,3,1,2,1,positive
3,3,3,1,2,2,negative
3,3,3,2,0,0,negative
3,3,3,2,0,1,negative
3,3,3,2,0,2,positive
3,3,3,2,1,0,negative
3,3,3,2,1,1,positive
3,3,3,2,1,2,negative
3,3,3,2,2,0,negative
3,3,3,2,2,1,positive
3,3,3,2,2,2,negative
